{"Name":"Machine 1","Position":{"x":1.0,"y":0.44999998807907107,"z":1.0},"Rotation":{"x":-0.7071068286895752,"y":0.0,"z":0.0,"w":0.7071068286895752},"Scale":{"x":50.0,"y":50.000003814697269,"z":50.000003814697269},"Type":0,"Properties":["","","0","0"],"Connectons":["Machine 2"]}…{"Name":"Machine 2","Position":{"x":6.0,"y":0.44999998807907107,"z":1.0},"Rotation":{"x":-0.7071068286895752,"y":0.0,"z":0.0,"w":0.7071068286895752},"Scale":{"x":50.0,"y":50.000003814697269,"z":50.000003814697269},"Type":0,"Properties":["","","0","0"],"Connectons":[]}…{"Name":"line |(5.63, 0.45, 1.00)| to |(1.37, 0.45, 1.00)|","Position":{"x":3.5,"y":0.44999998807907107,"z":1.0},"Rotation":{"x":0.0,"y":-0.7071068286895752,"z":0.0,"w":0.7071068286895752},"Scale":{"x":0.009999999776482582,"y":0.009999999776482582,"z":4.258000373840332},"Type":4,"Properties":[],"Connectons":[]}…{"Name":"Machine 3","Position":{"x":-1.0,"y":0.44999998807907107,"z":5.0},"Rotation":{"x":-0.7071068286895752,"y":0.0,"z":0.0,"w":0.7071068286895752},"Scale":{"x":50.0,"y":50.000003814697269,"z":50.000003814697269},"Type":0,"Properties":["","","0","0"],"Connectons":["Machine 1"]}…{"Name":"line |(0.63, 0.45, 1.00)| to |(-0.63, 0.45, 5.00)|","Position":{"x":0.0,"y":0.44999998807907107,"z":3.0},"Rotation":{"x":0.0,"y":-0.15176422894001008,"z":0.0,"w":0.9884167313575745},"Scale":{"x":0.009999999776482582,"y":0.009999999776482582,"z":4.193156719207764},"Type":4,"Properties":[],"Connectons":[]}