{"Name":"Machine 1","Position":{"x":1.0,"y":0.44999998807907107,"z":4.0},"Rotation":{"x":-0.7071068286895752,"y":0.0,"z":0.0,"w":0.7071068286895752},"Scale":{"x":50.0,"y":50.000003814697269,"z":50.000003814697269},"Type":0,"Properties":["","","0","0"],"Connectons":[]}…{"Name":"Input 1","Position":{"x":4.0,"y":0.25,"z":2.0},"Rotation":{"x":-0.7071068286895752,"y":0.0,"z":0.0,"w":0.7071067094802856},"Scale":{"x":100.0,"y":100.0,"z":100.0},"Type":1,"Properties":["0","0","0"],"Connectons":[]}…{"Name":"line |(3.73, 0.25, 2.00)| to |(1.37, 0.45, 4.00)|","Position":{"x":2.5500001907348635,"y":0.3499999940395355,"z":3.0},"Rotation":{"x":-0.029302049428224565,"y":-0.4199947416782379,"z":-0.013569303788244725,"w":0.906951904296875},"Scale":{"x":0.009999999776482582,"y":0.009999999776482582,"z":3.0984132289886476},"Type":4,"Properties":[],"Connectons":[]}…{"Name":"124124","Position":{"x":4.0,"y":0.25,"z":5.0},"Rotation":{"x":-0.7071068286895752,"y":0.0,"z":0.0,"w":0.7071067094802856},"Scale":{"x":100.0,"y":100.0,"z":100.0},"Type":1,"Properties":["111","0","50"],"Connectons":[]}…{"Name":"line |(3.73, 0.25, 5.00)| to |(1.37, 0.45, 4.00)|","Position":{"x":2.5500001907348635,"y":0.3499999940395355,"z":4.5},"Rotation":{"x":-0.021505488082766534,"y":-0.8331625461578369,"z":-0.03247968852519989,"w":0.5516546368598938},"Scale":{"x":0.009999999776482582,"y":0.009999999776482582,"z":2.5690784454345705},"Type":4,"Properties":[],"Connectons":[]}…{"Name":"Output 1","Position":{"x":-3.0,"y":0.20999999344348908,"z":4.0},"Rotation":{"x":0.0,"y":-0.087155781686306,"z":0.0,"w":0.9961947202682495},"Scale":{"x":1.0,"y":1.0,"z":1.0},"Type":2,"Properties":["0","0","0"],"Connectons":[]}…{"Name":"line |(0.63, 0.45, 4.00)| to |(-1.37, 0.75, 3.95)|","Position":{"x":-0.37201452255249026,"y":0.5974999666213989,"z":3.973355531692505},"Rotation":{"x":-0.050968047231435779,"y":-0.7145377993583679,"z":-0.052342738956213,"w":0.6957716941833496},"Scale":{"x":0.009999999776482582,"y":0.009999999776482582,"z":2.024348020553589},"Type":4,"Properties":[],"Connectons":[]}…{"Name":"Worker 1","Position":{"x":1.0,"y":0.0,"z":5.0},"Rotation":{"x":0.0,"y":1.0,"z":0.0,"w":0.0},"Scale":{"x":1.0,"y":1.0,"z":1.0},"Type":3,"Properties":["0","213","333"],"Connectons":[]}