{"Name":"Machine 1","Position":{"x":2.0,"y":0.44999998807907107,"z":0.0},"Rotation":{"x":-0.7071068286895752,"y":0.0,"z":0.0,"w":0.7071068286895752},"Scale":{"x":50.0,"y":50.000003814697269,"z":50.000003814697269},"Type":0,"Properties":["медь","провод","1200","200","50","20"],"Connectons":["Output 1"]}…{"Name":"медь","Position":{"x":6.0,"y":0.25,"z":0.0},"Rotation":{"x":-0.7071068286895752,"y":0.0,"z":0.0,"w":0.7071067094802856},"Scale":{"x":100.0,"y":100.0,"z":100.0},"Type":1,"Properties":["1000","2000","100"],"Connectons":["Machine 1"]}…{"Name":"Output 1","Position":{"x":-3.0,"y":0.20999999344348908,"z":0.0},"Rotation":{"x":0.0,"y":-0.087155781686306,"z":0.0,"w":0.9961947202682495},"Scale":{"x":1.0,"y":1.0,"z":1.0},"Type":2,"Properties":["500","3","50"],"Connectons":[]}…{"Name":"Worker 1","Position":{"x":2.0,"y":0.0,"z":1.0},"Rotation":{"x":0.0,"y":1.0,"z":0.0,"w":0.0},"Scale":{"x":1.0,"y":1.0,"z":1.0},"Type":3,"Properties":["1000","0","0"],"Connectons":[]}…{"Name":"медь","Position":{"x":6.0,"y":0.25,"z":-2.0},"Rotation":{"x":-0.7071068286895752,"y":0.0,"z":0.0,"w":0.7071067094802856},"Scale":{"x":100.0,"y":100.0,"z":100.0},"Type":1,"Properties":["1200","10000","19"],"Connectons":["Machine 1"]}