{"Name":"Станок проводов","Position":{"x":3.0,"y":0.44999998807907107,"z":5.0},"Rotation":{"x":-0.7071068286895752,"y":0.0,"z":0.0,"w":0.7071068286895752},"Scale":{"x":50.0,"y":50.000003814697269,"z":50.000003814697269},"Type":0,"Properties":["медь","Провода","1000","0"],"Connectons":[]}…{"Name":"Станок очистки меди","Position":{"x":3.0,"y":0.44999998807907107,"z":9.0},"Rotation":{"x":-0.7071068286895752,"y":0.0,"z":0.0,"w":0.7071068286895752},"Scale":{"x":50.0,"y":50.000003814697269,"z":50.000003814697269},"Type":0,"Properties":["медь","чистая медь","600","300"],"Connectons":[]}…{"Name":"Лом от физ. лиц","Position":{"x":6.0,"y":0.25,"z":4.0},"Rotation":{"x":-0.7071068286895752,"y":0.0,"z":0.0,"w":0.7071067094802856},"Scale":{"x":100.0,"y":100.0,"z":100.0},"Type":1,"Properties":["1500","1500","40"],"Connectons":[]}…{"Name":"Лом от юр. лиц","Position":{"x":6.0,"y":0.25,"z":6.0},"Rotation":{"x":-0.7071068286895752,"y":0.0,"z":0.0,"w":0.7071067094802856},"Scale":{"x":100.0,"y":100.0,"z":100.0},"Type":1,"Properties":["235","580","50"],"Connectons":[]}…{"Name":"Иные источники","Position":{"x":6.0,"y":0.25,"z":9.0},"Rotation":{"x":-0.7071068286895752,"y":0.0,"z":0.0,"w":0.7071067094802856},"Scale":{"x":100.0,"y":100.0,"z":100.0},"Type":1,"Properties":["70","70","10"],"Connectons":[]}…{"Name":"ооо \"металл-р\"","Position":{"x":-1.0,"y":0.20999999344348908,"z":9.0},"Rotation":{"x":0.0,"y":-0.087155781686306,"z":0.0,"w":0.9961947202682495},"Scale":{"x":1.0,"y":1.0,"z":1.0},"Type":2,"Properties":["900","250","20"],"Connectons":[]}…{"Name":"ООО \"металлинвест\"","Position":{"x":-1.0,"y":0.20999999344348908,"z":5.0},"Rotation":{"x":0.0,"y":-0.087155781686306,"z":0.0,"w":0.9961947202682495},"Scale":{"x":1.0,"y":1.0,"z":1.0},"Type":2,"Properties":["1000","500","80"],"Connectons":[]}…{"Name":"Worker 1","Position":{"x":3.0,"y":0.0,"z":6.0},"Rotation":{"x":0.0,"y":1.0,"z":0.0,"w":0.0},"Scale":{"x":1.0,"y":1.0,"z":1.0},"Type":3,"Properties":["0","0","0"],"Connectons":[]}…{"Name":"Worker 2","Position":{"x":3.0,"y":0.0,"z":10.0},"Rotation":{"x":0.0,"y":1.0,"z":0.0,"w":0.0},"Scale":{"x":1.0,"y":1.0,"z":1.0},"Type":3,"Properties":["0","0","0"],"Connectons":[]}